PULocationID,zero_vehicle_rate
2,0.03376397130318234
3,0.10568700650894178
4,0.8523179540400009
5,0.009810440252834503
6,0.04062062735071572
7,0.5539181298153663
8,0.3075924832169968
9,0.02436782337539637
10,0.07993158665585878
11,0.21816452226762362
12,0.8246537899334792
13,0.6614315651818398
14,0.019436646896999657
15,0.05055688870843943
16,0.021209008305703093
17,0.5167646330820691
18,0.6036256966365954
19,0.0699881845115352
20,0.8490093974513577
21,0.21100049475668628
22,0.2809207747009591
23,0.014255136987998001
24,0.6795948887904022
25,0.6418218863735663
26,0.3792816784090758
27,0.29284098544038073
28,0.09297495295571093
29,0.4075176018475042
30,0.033763654419066536
31,0.9999150268511202
32,0.25338826795803365
33,0.5568895554208328
34,0.591379070107551
35,0.5586316387256607
36,0.6310622727209356
37,0.583246080231494
38,0.04003873344270706
39,0.15328281515880648
40,0.4895549010682653
41,0.6002805460357584
42,0.6900459436837186
43,0.6584191355076667
44,0.058547045644331455
45,0.701992832843263
46,0.10545998504113688
47,0.38432395425947835
48,0.8375717790476431
49,0.5613894834543802
50,0.825968098887004
51,0.08144815416962577
52,0.43267475253204724
53,0.08244003345513416
54,0.3403338252297709
55,0.1397946795672657
56,0.4931436260370278
57,0.5541210186539358
58,0.02756234595671612
59,0.42791182433797115
60,0.48700451326826455
61,0.5925135898091928
62,0.45465455279347594
63,0.261574071041852
64,0.008793906528106563
65,0.735389284089904
66,0.5999109649095015
67,0.062295051834149025
68,0.7841533137000756
69,0.6155931014346856
70,0.17973964721289837
71,0.16204995224885213
72,0.2334028368351823
73,0.05699412157179568
74,0.6758429566972964
75,0.8100398968470193
76,0.4527838195227121
77,0.5054727159407624
78,0.5538360679338901
79,0.8028849908705785
80,0.6295404292449436
81,0.14167883175618393
82,0.42324344958028653
83,0.3377016963959161
84,0.0019315919420573768
85,0.478735398227771
86,0.11006927788545146
87,0.8623937588853932
88,0.7916259384225248
89,0.39220752776282086
90,0.726145564689495
91,0.05492546020727599
92,0.14660342563131312
93,0.15993843275408393
94,0.7154305489427999
95,0.01776973004410034
96,2.4672953258046704e-05
97,0.561460903747882
98,0.0435713292716035
99,0.00019310795446007638
100,0.5429164873320065
101,0.046430054596227614
102,0.0991396897067735
103,0.7212
104,0.7212
105,0.7212
106,0.47755337870429965
107,0.7698246140837608
108,0.2574589699578281
109,0.014004100435020518
110,0.026602247534529316
111,0.3703802907092335
112,0.5391115580354107
113,0.5565265177594156
114,0.7406627283227154
115,0.11837879570304949
116,0.6419096446695157
117,0.3530953455016261
118,0.0007760524252531853
119,0.7439391316005858
120,0.6745358555091461
121,0.09229823760845998
122,0.09155480022933316
123,0.19258431325628536
124,0.045465636609328605
125,0.7569697824250896
126,0.5536892602760849
127,0.7408875265109722
128,0.15824734270429852
129,0.24402446605209135
130,0.2071593426045057
131,0.02318900982209438
132,0.052117557850892775
133,0.43052134832398814
134,0.22455104139785909
135,0.1697086637819375
136,0.547909942241898
137,0.8040239600872989
138,0.15562744126432076
139,0.053963338353385557
140,0.8054927402267107
141,0.7343981621243257
142,0.6920523373301439
143,0.6156585997978292
144,0.7085791986138615
145,0.8917491076171131
146,0.5218644617673726
147,0.5317949479746984
148,0.7931316933234427
149,0.047415531911770836
150,0.0059304206050899075
151,0.6672508777208698
152,0.784913391710951
153,0.49526699724966605
154,1.5209637000475835e-06
155,0.05175055947240564
156,0.11133847035451937
157,0.08134629137394116
158,0.650238512141182
159,0.5159498769066746
160,0.10559866625368829
161,0.5645383178344395
162,0.816104175885711
163,0.7166378143196698
164,0.8501849270598175
165,0.04627754900805762
166,0.6916346614721709
167,0.37415446876738756
168,0.543178437925279
169,0.6641460458045314
170,0.8543142648958426
171,0.08661392106943148
172,0.20128129853559226
173,0.5000979062649902
174,0.8073108988453472
175,0.015908696729588098
176,0.03111183937669049
177,0.47503571638412956
178,0.20257913893025098
179,0.47181520629245716
180,0.061875075396642505
181,0.4593441367207216
182,0.5718610630970883
183,0.19958519183023352
184,1.2425593923906206e-05
185,0.24067188166104303
186,0.9019795515230817
187,0.02128611650404767
188,0.5137877350345512
189,0.5825143624901428
190,0.5675259257377266
191,0.036410899059826425
192,0.1361836890073553
193,0.4147962027949744
194,0.6925103945639934
195,0.5784181296068023
196,0.27664613849532343
197,0.18904592329511877
198,0.027599008276804622
199,0.17798989331836046
200,0.1618124870449479
201,0.024581480648504652
202,0.6163388404618457
203,0.0019321627210607622
204,0.0024429387364984017
205,0.022456126404794524
206,0.18992817147440516
207,0.17320171069387547
208,0.0544947009064155
209,0.57833448042387
210,0.12115216931313633
211,0.7481516593123438
212,0.37685472428701594
213,0.25788679916488483
214,0.07555229186948303
215,0.07843327248005705
216,0.010728995408605177
217,0.48266857037261873
218,0.09930749677794666
219,0.07479391197510492
220,0.2467673017149189
221,0.04453042296554851
222,0.46880327800385174
223,0.3321802506415976
224,0.6742443494560715
225,0.5293352578267453
226,0.03214043063079597
227,0.3942186716374446
228,0.4800560505443321
229,0.6533908809370315
230,0.9917795196899237
231,0.6665644429030009
232,0.5798633775169575
233,0.830548969599956
234,0.7651339058649594
235,0.5631390324863709
236,0.49140422560499275
237,0.5340653786913433
238,0.6427555518977754
239,0.6718492323727298
240,0.5703936717128553
241,0.49631001586843104
242,0.20040555680377672
243,0.5432809705641178
244,0.7845186111489764
245,0.007193857008704327
246,0.8154196443899117
247,0.6735880994560698
248,0.5053965359371774
249,0.8221957353011279
250,0.2840139482092956
251,0.02519317309075621
252,0.05387470696053695
253,0.46532409689758136
254,0.2064704056158156
255,0.5445054130132977
256,0.6368743033961777
257,0.2627806141275744
258,0.1770822900942933
259,0.013981365326144291
260,0.3039357482524311
261,0.884685500271599
262,0.49354181166460986
263,0.6971211381191941
