LocationID,borough,zone,service_zone,estimated_total_households,estimated_zero_vehicle_households,zero_vehicle_household_rate,zero_vehicle_rate_moe,zero_vehicle_rate_cv,census_reliability,contributing_tract_count,census_coverage_ratio,census_feature_available,census_feature_status
2,Queens,Jamaica Bay,Boro Zone,17.772227670431946,2.1081579125493684,0.11862091526414317,1.1062226133248687,5.669620689475828,low,5,0.9999999954170256,True,available
3,Bronx,Allerton/Pelham Gardens,Boro Zone,9791.52161117781,2623.603386617086,0.2679464429330403,0.0397623764208918,0.09021880691347574,high,23,0.9999999999999993,True,available
4,Manhattan,Alphabet City,Yellow Zone,11743.49383705818,9794.896862809272,0.8340700815885093,0.02966942732460699,0.02162615760842445,high,12,1.0000000000000013,True,available
5,Staten Island,Arden Heights,Boro Zone,8788.442273266759,622.8634345698968,0.07087301881296555,0.02099128086043482,0.1800655993412469,moderate,11,1.0000000000000009,True,available
6,Staten Island,Arrochar/Fort Wadsworth,Boro Zone,6057.49593416201,1198.8451175119728,0.1979110065515579,0.04817829682559885,0.14799745206371573,moderate,15,1.0000000000000004,True,available
7,Queens,Astoria,Boro Zone,36268.8602625537,24010.110343309665,0.6620034423331257,0.018955850197794676,0.017408275992991273,high,41,0.9999999999999989,True,available
8,Queens,Astoria Park,Boro Zone,0.4995315615016767,0.3209179260615581,0.6424377372609337,21.476562600075177,20.32387296295035,low,8,1.0000000000000024,True,available
9,Queens,Auburndale,Boro Zone,7431.915134151817,928.6384692494023,0.1249527816836925,0.02881230046023753,0.1401860340511499,moderate,26,0.9999999999999991,True,available
10,Queens,Baisley Park,Boro Zone,12039.169902624019,2843.169120193072,0.23615989666973503,0.02435954716185154,0.0627098560262137,high,28,0.9999999999999993,True,available
11,Brooklyn,Bath Beach,Boro Zone,10780.387153261832,4078.315942025119,0.3783088570053014,0.036736906428420216,0.059037616574090616,high,23,0.9999999999999991,True,available
12,Manhattan,Battery Park,Yellow Zone,28.874135083651264,25.180057652525644,0.8720627502633929,0.23683975978846597,0.16511237292069952,moderate,4,0.9999999999999912,True,available
13,Manhattan,Battery Park City,Yellow Zone,6817.310444297931,4992.863493600989,0.7323802450242048,0.0809128104008492,0.06716660669998296,high,5,1.000000000000002,True,available
14,Brooklyn,Bay Ridge,Boro Zone,34775.40688194538,16484.07410844027,0.4740152764969785,0.021771582225806288,0.027923534982932444,high,40,0.9999999999999993,True,available
15,Queens,Bay Terrace/Fort Totten,Boro Zone,10408.063638954634,1505.1099885503875,0.14460999094175003,0.033501441746678226,0.1408438673991158,moderate,13,0.9999999999999996,True,available
16,Queens,Bayside,Boro Zone,16530.017813987826,2154.687713907024,0.1303499934575818,0.01834423883960151,0.08555815794794178,high,35,0.9999999999999992,True,available
17,Brooklyn,Bedford,Boro Zone,30539.35059460847,19337.261663813308,0.6331916457721658,0.027587356734923785,0.02648790790808842,high,40,0.9999999999999996,True,available
18,Bronx,Bedford Park,Boro Zone,21151.873886710135,15152.034283881787,0.7163447723372591,0.03592352833018852,0.030488048936904544,high,23,0.9999999999999983,True,available
19,Queens,Bellerose,Boro Zone,8765.429143728948,1212.907697820334,0.13837402344277516,0.03724667443129154,0.16364610656755038,moderate,16,0.9997842228793667,True,available
20,Bronx,Belmont,Boro Zone,10059.307313337327,7267.316623511575,0.7224470231539762,0.04974786785893215,0.04186404700768716,high,14,1.000000000000002,True,available
21,Brooklyn,Bensonhurst East,Boro Zone,21495.295270108476,9081.325795523664,0.4224796952732362,0.021349926900764742,0.030722976903640682,high,38,0.9999999999999998,True,available
22,Brooklyn,Bensonhurst West,Boro Zone,30065.594159716464,14188.15257583419,0.4719066086125867,0.023718616059670333,0.030556670353406395,high,51,0.9999999999999993,True,available
23,Staten Island,Bloomfield/Emerson Hill,Boro Zone,13615.437728216613,1532.5732082231177,0.11256143495460416,0.02639428311087137,0.14255845927283384,moderate,23,0.9999999999999996,True,available
24,Manhattan,Bloomingdale,Yellow Zone,7359.403824277121,5640.23153881367,0.7663978867700854,0.04798329681286296,0.03806348323580595,high,9,0.9999999999999993,True,available
25,Brooklyn,Boerum Hill,Boro Zone,12469.844264250976,8909.301266968147,0.7144677253516044,0.029462073728589982,0.02506994839657708,high,19,0.9999999999999994,True,available
26,Brooklyn,Borough Park,Boro Zone,26405.960564431978,13442.96880000556,0.5090884221842256,0.026320029096431705,0.03143155649982884,high,52,1.000000000000001,True,available
27,Queens,Breezy Point/Fort Tilden/Riis Beach,Boro Zone,1876.6024120035313,252.29403713647213,0.1344419230854092,0.06038391489172772,0.2730607592743432,moderate,5,1.000000000000001,True,available
28,Queens,Briarwood/Jamaica Hills,Boro Zone,15247.0030366233,5898.041381537253,0.38683283313908695,0.044600653738078054,0.07009558089410253,high,22,1.0,True,available
29,Brooklyn,Brighton Beach,Boro Zone,15201.45258673255,9335.612551939492,0.6141263473786303,0.03170448804584286,0.03138598464633451,high,21,1.0000000000000009,True,available
30,Queens,Broad Channel,Boro Zone,901.2310075278843,106.89246988089162,0.11860718171926007,0.06646792021985637,0.3407013438383231,moderate,2,0.9999999999999978,True,available
31,Bronx,Bronx Park,Boro Zone,105.99116691135914,79.69578699588355,0.7519097045372986,0.07547006263856117,0.061021343266419316,high,17,0.9999999999999971,True,available
32,Bronx,Bronxdale,Boro Zone,14498.876349284825,9003.193858975681,0.6209580413050267,0.03815830329087807,0.03735936993600355,high,18,1.0000000000000027,True,available
33,Brooklyn,Brooklyn Heights,Boro Zone,13749.550314015674,9115.385950925764,0.6629588417618246,0.03666995901074004,0.03362765635232787,high,18,1.0000000000000002,True,available
34,Brooklyn,Brooklyn Navy Yard,Boro Zone,446.44331960955486,308.4588745600076,0.6909250536658851,0.10825903400634757,0.09525898502466953,high,10,1.0000000000000009,True,available
35,Brooklyn,Brownsville,Boro Zone,23359.670947245282,17241.85121620822,0.7381033429429145,0.02964187895591261,0.02441525701549699,high,28,1.0000000000000007,True,available
36,Brooklyn,Bushwick North,Boro Zone,20487.700431910638,13703.690662438525,0.6688740255638611,0.03199942793454599,0.029085104349321367,high,32,1.0000000000000007,True,available
37,Brooklyn,Bushwick South,Boro Zone,31994.866130666138,21585.009645831356,0.6746397861981601,0.02543926483124022,0.022924789153218588,high,49,0.9999999999999972,True,available
38,Queens,Cambria Heights,Boro Zone,6568.262081035664,857.0035434802013,0.130476453726565,0.028161553184383053,0.13121914465557302,moderate,24,0.9999948229590516,True,available
39,Brooklyn,Canarsie,Boro Zone,26761.679723396584,9809.461368523482,0.3665487917766048,0.0211500667763527,0.035079443393474144,high,48,1.0000000000000002,True,available
40,Brooklyn,Carroll Gardens,Boro Zone,8286.155929294295,4220.757988329283,0.5093746755847921,0.05028027476504712,0.06001130016665471,high,14,0.9999999999999991,True,available
41,Manhattan,Central Harlem,Boro Zone,21248.406034877768,15512.460156433188,0.7300528863657149,0.03324158770102216,0.027682173064249596,high,20,0.9999999999999999,True,available
42,Manhattan,Central Harlem North,Boro Zone,39142.668710205966,30869.121099224874,0.788630977815167,0.024599642979049614,0.01896390255064106,high,27,0.9999999999999991,True,available
43,Manhattan,Central Park,Yellow Zone,7.177955312941383,5.472502426505827,0.7624040813738786,1.2622333467685924,1.006531057981709,low,27,1.0000000000000002,True,available
44,Staten Island,Charleston/Tottenville,Boro Zone,8698.492851466453,689.8302202128673,0.07930456827317744,0.03176927871018115,0.2435464999977345,moderate,10,1.0,True,available
45,Manhattan,Chinatown,Yellow Zone,8703.460603393774,7447.3389683120995,0.8556756108493361,0.0640673352811616,0.045519790084822584,high,10,1.0000000000000004,True,available
46,Bronx,City Island,Boro Zone,1949.0,207.0,0.10620831195484864,0.06407617413081917,0.3667843609279893,moderate,3,0.9999999999999996,True,available
47,Bronx,Claremont/Bathgate,Boro Zone,12207.209820081232,9500.156842266766,0.7782414640435457,0.046296420672125235,0.03616644260309536,high,23,0.9999999999999963,True,available
48,Manhattan,Clinton East,Yellow Zone,20957.60991545079,18569.42192931214,0.8860467393098111,0.03065943845523347,0.021036830501692257,high,19,1.0000000000000007,True,available
49,Brooklyn,Clinton Hill,Boro Zone,19061.77764626001,12090.502562698015,0.6342799075232218,0.03455710621669538,0.03312296127679474,high,25,1.0000000000000004,True,available
50,Manhattan,Clinton West,Yellow Zone,11723.113612103874,9960.052459332415,0.849608115121299,0.03130040674192847,0.02239773347463353,high,10,1.0000000000000004,True,available
51,Bronx,Co-Op City,Boro Zone,19499.10590133305,8707.994764458474,0.4465843105074451,0.04089163144934522,0.055667756620019306,high,18,0.9999999999999979,True,available
52,Brooklyn,Cobble Hill,Boro Zone,4335.617305976076,2051.5605817164346,0.4731876540137962,0.053431628141725175,0.0686495581475671,high,12,0.9999999999999986,True,available
53,Queens,College Point,Boro Zone,8374.699053815675,1859.5794413534604,0.22204731530098387,0.0397532391532596,0.10884280812441563,high,11,1.0000000000000018,True,available
54,Brooklyn,Columbia Street,Boro Zone,1835.7509743708538,789.4958051556956,0.43006694054800687,0.07317451008315884,0.10344190434671909,high,8,1.0000000000000002,True,available
55,Brooklyn,Coney Island,Boro Zone,22202.71675406306,12781.729987862624,0.5756831530773633,0.027084348215386585,0.028602738237866767,high,23,0.9999999999999988,True,available
56,Queens,Corona,Boro Zone,16638.212590291656,9382.126612293367,0.5638902953895305,0.044915318229689825,0.04842533166201772,high,23,0.999999999999998,True,available
57,Queens,Corona,Boro Zone,926.6257649202322,482.54571436208124,0.5207557707006137,0.1095198730464701,0.1278590825006726,moderate,6,1.000000000000005,True,available
58,Bronx,Country Club,Boro Zone,3157.4045172701976,349.47150123611806,0.11068315742395314,0.04661474211546703,0.2560439329387111,moderate,7,0.9999999999999982,True,available
59,Bronx,Crotona Park,Boro Zone,29.46308893615514,21.44389201327344,0.7278222612619184,0.3362153966093696,0.28084390687389693,moderate,10,1.0,True,available
60,Bronx,Crotona Park East,Boro Zone,9453.645019477442,7223.918788303514,0.7641411088971501,0.039650103207514734,0.031545942039168356,high,23,1.0000000000000016,True,available
61,Brooklyn,Crown Heights North,Boro Zone,49995.13122544737,34699.36387649639,0.6940548614628802,0.020118893960590103,0.01762312997573226,high,57,0.9999999999999994,True,available
62,Brooklyn,Crown Heights South,Boro Zone,16095.093203334873,9831.112132138673,0.6108142405849308,0.03331726470398768,0.033161405467569044,high,26,1.0000000000000013,True,available
63,Brooklyn,Cypress Hills,Boro Zone,15385.338137179891,8098.443566277038,0.5263741033228582,0.039421931085571744,0.04553193665746875,high,37,1.0000000000000002,True,available
64,Queens,Douglaston,Boro Zone,10059.003850975012,953.0870495424689,0.09474964555760527,0.023456256305929214,0.15050601179920237,moderate,13,0.9960900609280006,True,available
65,Brooklyn,Downtown Brooklyn/MetroTech,Boro Zone,7368.567131028594,5853.515935347992,0.7943899853608156,0.030031263741741032,0.022983310841265106,high,14,0.9999999999999972,True,available
66,Brooklyn,DUMBO/Vinegar Hill,Boro Zone,4294.731505244411,2781.1912942026634,0.6475821109670015,0.06640124596567354,0.06233818144235626,high,13,0.9999999999999996,True,available
67,Brooklyn,Dyker Heights,Boro Zone,14118.518013438703,4943.165950019707,0.3501193216819611,0.0345980966373386,0.060077087779007124,high,33,1.0000000000000004,True,available
68,Manhattan,East Chelsea,Yellow Zone,17441.569962244368,14200.6320385637,0.8141831308364842,0.028734736319926846,0.02145644953480526,high,19,0.999999999999997,True,available
69,Bronx,East Concourse/Concourse Village,Boro Zone,24009.25524719549,17567.70616916499,0.7317055855456851,0.037391014086723816,0.031067307555374166,high,31,1.0000000000000007,True,available
70,Queens,East Elmhurst,Boro Zone,6402.155467010433,1865.022678555407,0.2913116821616803,0.03385680411627691,0.07065791257133679,high,15,0.9999999999999984,True,available
71,Brooklyn,East Flatbush/Farragut,Boro Zone,17975.975873791078,7772.038334769909,0.4323569629452785,0.03339876957454488,0.04696353217482797,high,35,0.9999999999999992,True,available
72,Brooklyn,East Flatbush/Remsen Village,Boro Zone,21122.432004686692,11806.33624525663,0.5589477690181233,0.03857984162324317,0.04196255820132672,high,34,1.0000000000000033,True,available
73,Queens,East Flushing,Boro Zone,8937.14814990169,2687.0107570726104,0.3006563964257623,0.0473821835460104,0.09581143970375251,high,24,1.0000000000000007,True,available
74,Manhattan,East Harlem North,Boro Zone,26234.844886398485,21240.461492016024,0.8096278664497913,0.028226460579575827,0.021195502602065583,high,23,1.000000000000001,True,available
75,Manhattan,East Harlem South,Boro Zone,26763.917970649003,22791.669703763342,0.8515819592915402,0.027219733826359102,0.019432566603832344,high,21,1.000000000000001,True,available
76,Brooklyn,East New York,Boro Zone,38319.568475991975,23174.73304763205,0.604775418130074,0.027144135764948455,0.02728692716325267,high,56,1.0000000000000007,True,available
77,Brooklyn,East New York/Pennsylvania Avenue,Boro Zone,12144.163732541489,7763.066888108827,0.6392426073198372,0.041811152862355434,0.03976483379190342,high,22,0.9999999999999987,True,available
78,Bronx,East Tremont,Boro Zone,17008.6913820013,12570.319595129284,0.7390527179787195,0.030321672325536547,0.024943102700057677,high,24,1.0000000000000022,True,available
79,Manhattan,East Village,Yellow Zone,21690.65289263184,18370.190426887522,0.8469173573437131,0.022582130944670403,0.016210508224791028,high,19,1.000000000000001,True,available
80,Brooklyn,East Williamsburg,Boro Zone,17060.435367377202,11794.60183006523,0.6913423705832709,0.0311417936613562,0.027385658712679325,high,29,0.9999999999999989,True,available
81,Bronx,Eastchester,Boro Zone,12485.752198759521,5321.918383654631,0.4262393085282737,0.05055616912733705,0.0721096524916416,high,25,0.9895231081850112,True,available
82,Queens,Elmhurst,Boro Zone,27712.717055635447,17125.81533062501,0.6179767684360792,0.03210958370870491,0.0315889557385023,high,42,1.0000000000000013,True,available
83,Queens,Elmhurst/Maspeth,Boro Zone,9669.563890658295,4060.440226488575,0.4199196853553386,0.041620273502707986,0.06025754567946932,high,25,0.9999999999999994,True,available
84,Staten Island,Eltingville/Annadale/Prince's Bay,Boro Zone,10784.253007194802,710.8034392089018,0.06591123545920922,0.01632816051450751,0.15060887067562678,moderate,21,0.9999999999999988,True,available
85,Brooklyn,Erasmus,Boro Zone,10762.929367724897,7185.371629804084,0.6676037149654687,0.046732469084601595,0.042557168594483684,high,22,1.0000000000000044,True,available
86,Queens,Far Rockaway,Boro Zone,19162.422001186158,8321.215392548122,0.4342465368956511,0.03378334831259622,0.0472975963339306,high,11,0.9948791580694835,True,available
87,Manhattan,Financial District North,Yellow Zone,8110.651966952197,7090.282739634353,0.8741939326856265,0.04690581102316638,0.03262057445341641,high,5,1.0000000000000022,True,available
88,Manhattan,Financial District South,Yellow Zone,757.6817402775865,597.2350956962039,0.7882400537690126,0.11501432579942036,0.08870869325041207,high,4,1.0000000000000042,True,available
89,Brooklyn,Flatbush/Ditmas Park,Boro Zone,39539.38827360835,23517.267663806648,0.5947807664870702,0.020795680751304692,0.021256363519761862,high,54,1.0000000000000004,True,available
90,Manhattan,Flatiron,Yellow Zone,10846.925647811842,8855.096692051851,0.8163692625512,0.042854391041570704,0.03191401367773499,high,13,1.0000000000000044,True,available
91,Brooklyn,Flatlands,Boro Zone,21862.777311427257,7655.992295731215,0.3501838849966044,0.026670095293740478,0.04630214963125636,high,49,0.999999999999999,True,available
92,Queens,Flushing,Boro Zone,30125.271088747137,16942.83546147015,0.5624127136170038,0.03159884405596517,0.03415771489372998,high,30,1.0,True,available
93,Queens,Flushing Meadows-Corona Park,Boro Zone,41.78659700490356,13.563373477036365,0.3245866964339004,0.3167857642834341,0.5933455430072593,low,23,0.9999999999999986,True,available
94,Bronx,Fordham South,Boro Zone,9467.157677656574,7404.4712552519595,0.7821218899445651,0.036058731226741456,0.02802907357690948,high,18,1.0000000000000013,True,available
95,Queens,Forest Hills,Boro Zone,40806.067980936445,18207.20695897261,0.4461887130972421,0.023108390977152296,0.0314864624690455,high,34,0.9999999999999998,True,available
96,Queens,Forest Park/Highland Park,Boro Zone,185.42921829749727,41.96718581770571,0.22632455771007337,0.11413072031109475,0.30657985967668183,moderate,27,0.9999999999999988,True,available
97,Brooklyn,Fort Greene,Boro Zone,14767.399520894636,10899.17144037371,0.7380562451061402,0.02895910446037099,0.02385439527064393,high,25,0.999999999999999,True,available
98,Queens,Fresh Meadows,Boro Zone,6676.801867465713,908.1826589167201,0.1360206094091325,0.03229097810642869,0.14432754590789693,moderate,15,1.0,True,available
99,Staten Island,Freshkills Park,Boro Zone,24.41423108202048,1.205329700705887,0.049369963635411615,0.8069170586022997,9.93662345360825,low,14,1.0,True,available
100,Manhattan,Garment District,Yellow Zone,162.23417368895562,134.21537347900517,0.8272940924045408,0.09746882249990765,0.07162729322166882,high,10,1.0000000000000073,True,available
101,Queens,Glen Oaks,Boro Zone,8967.753480509296,1060.6751925638057,0.11827657783737024,0.029225747710471515,0.15022410449465162,moderate,11,0.9942640033105775,True,available
102,Queens,Glendale,Boro Zone,12801.410517920602,3372.9343796776584,0.26348146362120894,0.02834397964266951,0.06540086665110642,high,26,1.0000000000000009,True,available
103,Manhattan,Governor's Island/Ellis Island/Liberty Island,Yellow Zone,0.0,0.0,,,,unavailable,1,0.9589870219449985,False,intersects census tracts but estimated households equal zero
104,Manhattan,Governor's Island/Ellis Island/Liberty Island,Yellow Zone,0.0,0.0,,,,unavailable,1,0.16938450516438874,False,intersects census tracts but estimated households equal zero
105,Manhattan,Governor's Island/Ellis Island/Liberty Island,Yellow Zone,0.0,0.0,,,,unavailable,1,0.9999999999999998,False,intersects census tracts but estimated households equal zero
106,Brooklyn,Gowanus,Boro Zone,2790.0767972733033,1432.631986834442,0.51347403348701,0.04711086513276399,0.0557795924367077,high,15,1.000000000000001,True,available
107,Manhattan,Gramercy,Yellow Zone,13535.251488539341,10814.633001716082,0.7989975665301173,0.030942847584752676,0.0235443965989174,high,14,0.9999999999999982,True,available
108,Brooklyn,Gravesend,Boro Zone,11188.093453887032,4906.475543420044,0.4385443832447975,0.039350337705632586,0.054551620224082366,high,18,1.000000000000001,True,available
109,Staten Island,Great Kills,Boro Zone,15317.884196533507,1242.8775704663979,0.08113898463520605,0.021733362871419117,0.16284337914137226,moderate,16,1.0000000000000013,True,available
110,Staten Island,Great Kills Park,Boro Zone,3.3609111074715905,0.2383068665791385,0.07090543574608746,4.132766315704309,35.435132580310075,low,4,0.9999999999999997,True,available
111,Brooklyn,Green-Wood Cemetery,Boro Zone,0.9994603595346737,0.6030318935268189,0.6033574896432881,11.161591493772155,11.246675346085276,low,11,1.0000000000000029,True,available
112,Brooklyn,Greenpoint,Boro Zone,19768.98547783882,12082.190251642996,0.6111689578196726,0.03139753466214858,0.031232518371248633,high,24,1.000000000000001,True,available
113,Manhattan,Greenwich Village North,Yellow Zone,9383.777534837267,6562.152249724159,0.6993081651139079,0.03369250900646952,0.029291222463269047,high,10,0.9999999999999999,True,available
114,Manhattan,Greenwich Village South,Yellow Zone,6143.142821817581,4916.934382691216,0.8003939555545667,0.06025241361391597,0.04576604588470883,high,13,1.0000000000000018,True,available
115,Staten Island,Grymes Hill/Clifton,Boro Zone,7808.621083887037,2079.4925330188494,0.2663072661202435,0.033539436742756,0.07656768064685233,high,17,0.9999999999999978,True,available
116,Manhattan,Hamilton Heights,Boro Zone,20434.856871374133,15508.45411676914,0.7589215923745436,0.030353500469301898,0.024315579063985748,high,14,0.9999999999999989,True,available
117,Queens,Hammels/Arverne,Boro Zone,16193.700838706745,7783.486360931221,0.4806490152224414,0.04120102624560682,0.05211379737499412,high,15,1.000000000000001,True,available
118,Staten Island,Heartland Village/Todt Hill,Boro Zone,11957.385996327434,1503.1984048417369,0.12571296145356736,0.02835485913050642,0.1371261175217347,moderate,30,1.0000000000000007,True,available
119,Bronx,Highbridge,Boro Zone,15077.715358554793,11185.214910313738,0.7418375161172858,0.046131106010049654,0.03780574647834565,high,18,1.0000000000000009,True,available
120,Manhattan,Highbridge Park,Boro Zone,23.079853347114547,17.84132093914479,0.773025749809425,0.3737631668407652,0.2939512310603384,moderate,12,1.0000000000000033,True,available
121,Queens,Hillcrest/Pomonok,Boro Zone,12693.245405435715,3309.7431257816006,0.26074837601140577,0.0483823772229259,0.11280759338467945,high,22,1.0000000000000004,True,available
122,Queens,Hollis,Boro Zone,6276.286946310769,1634.8868394097124,0.2604863119540298,0.040850160673895214,0.09534141767407316,high,23,1.0000000000000002,True,available
123,Brooklyn,Homecrest,Boro Zone,15708.59891828648,6275.598103033978,0.3995008170797788,0.028259949577243725,0.04300574286819665,high,35,1.000000000000001,True,available
124,Queens,Howard Beach,Boro Zone,11354.169562675981,1337.9436656905034,0.11783721022527809,0.030048152920023823,0.15502726022734087,moderate,14,0.9999999999999997,True,available
125,Manhattan,Hudson Sq,Yellow Zone,1931.7254107138658,1548.5169816015434,0.8016237571929499,0.15851664464405799,0.12022008606699608,moderate,8,1.0000000000000036,True,available
126,Bronx,Hunts Point,Boro Zone,9462.073834879388,6678.012947091598,0.7057663112366447,0.046993504539770144,0.040480852777415186,high,22,1.0000000000000016,True,available
127,Manhattan,Inwood,Boro Zone,15028.551738633934,10643.595850008178,0.7082249863535859,0.02729276866489315,0.02342874861989855,high,10,0.9999999999999974,True,available
128,Manhattan,Inwood Hill Park,Boro Zone,0.6252223014523,0.33029933678857837,0.5282910350787893,18.673309101449103,21.489226749670436,low,6,0.9999999999999981,True,available
129,Queens,Jackson Heights,Boro Zone,37646.225016813885,17753.768809425765,0.4715949288805563,0.02726222829482691,0.035145114864405635,high,36,1.0000000000000002,True,available
130,Queens,Jamaica,Boro Zone,17776.957427302375,9486.339982233543,0.5336312482620982,0.03753142402441676,0.042758900872713966,high,35,1.0000000000000009,True,available
131,Queens,Jamaica Estates,Boro Zone,9746.136128171622,2383.072393385858,0.2445145811679652,0.034315353896212465,0.08532110331016021,high,25,1.0000000000000002,True,available
132,Queens,JFK Airport,Airports,25.576968261758523,3.6141751999976997,0.14130584841055788,0.5414376085285527,2.3294909365853895,low,8,0.9999935691911284,True,available
133,Brooklyn,Kensington,Boro Zone,12400.8247544604,6516.424363057753,0.5254831426203236,0.04500944669220834,0.05207360312387368,high,20,0.9999999999999989,True,available
134,Queens,Kew Gardens,Boro Zone,10637.045369117355,4626.922675409279,0.43498194421946074,0.04097272823815312,0.057265940311954255,high,23,1.0000000000000004,True,available
135,Queens,Kew Gardens Hills,Boro Zone,13879.713563487383,3685.5616322046358,0.26553585672690283,0.04036049210790938,0.09240724480219899,high,19,1.0,True,available
136,Bronx,Kingsbridge Heights,Boro Zone,11751.409921219245,8348.549701494374,0.7104296214209661,0.04836400940509923,0.04138795603379298,high,19,0.9999999999999984,True,available
137,Manhattan,Kips Bay,Yellow Zone,11863.55241202819,9813.747307915835,0.8272182704706473,0.023328352145462427,0.01714496834796483,high,10,0.9999999999999989,True,available
138,Queens,LaGuardia Airport,Airports,260.932856162161,50.12009931274832,0.19208044571282495,0.08763092608973762,0.2773620188421612,moderate,7,0.9999999999999989,True,available
139,Queens,Laurelton,Boro Zone,8795.012597110164,1369.7081281609871,0.15573691487503283,0.02550041180336316,0.09954704435270381,high,20,0.9999999999999997,True,available
140,Manhattan,Lenox Hill East,Yellow Zone,14733.077086597854,11376.997788019427,0.7722078504814632,0.04646910188348723,0.03658497896033535,high,14,1.0000000000000018,True,available
141,Manhattan,Lenox Hill West,Yellow Zone,20679.821577085597,16255.732689284652,0.7860673569493906,0.03868578529473476,0.02992019355577959,high,16,0.999999999999993,True,available
142,Manhattan,Lincoln Square East,Yellow Zone,18418.800304272936,13749.773171238394,0.7465075327435204,0.052887758946544905,0.043071868622525766,high,13,1.0000000000000002,True,available
143,Manhattan,Lincoln Square West,Yellow Zone,18763.949127310243,13008.596887560483,0.693276068875445,0.021721130024628926,0.01904798101099539,high,12,0.9999999999999963,True,available
144,Manhattan,Little Italy/NoLiTa,Yellow Zone,6100.17192816885,5002.146800083594,0.8200009539051039,0.02295856900108399,0.01702171053418319,high,13,0.9999999999999997,True,available
145,Queens,Long Island City/Hunters Point,Boro Zone,15813.021795043665,10074.665718997398,0.6371119859048786,0.039933733671313844,0.038106309010556005,high,18,1.0000000000000007,True,available
146,Queens,Long Island City/Queens Plaza,Boro Zone,5007.734952370018,3436.772635196029,0.6862928385555835,0.04333691640115742,0.038390280241776105,high,14,1.0000000000000013,True,available
147,Bronx,Longwood,Boro Zone,10459.63134948995,7645.783062000184,0.7309801661769868,0.03977913639284399,0.03308434189680066,high,16,0.9999999999999993,True,available
148,Manhattan,Lower East Side,Yellow Zone,10514.924133764931,9075.64300450937,0.8631201603600902,0.044838083613152564,0.03158264690639904,high,14,1.0000000000000064,True,available
149,Brooklyn,Madison,Boro Zone,14726.359723896789,6115.460794320854,0.41527308234886867,0.03291302809167783,0.04818443847614827,high,32,0.9999999999999978,True,available
150,Brooklyn,Manhattan Beach,Boro Zone,4415.399786606373,1612.163105713189,0.36512279377362555,0.0502009109108657,0.08358828119445516,high,13,0.9999999999999998,True,available
151,Manhattan,Manhattan Valley,Yellow Zone,15417.012845826275,12029.327142170925,0.7802631587887358,0.040594254428214724,0.03162978289825929,high,9,0.9999999999999993,True,available
152,Manhattan,Manhattanville,Boro Zone,8235.650972967002,6566.549766791134,0.7973322070526562,0.037394003208411235,0.02851250648348997,high,11,1.0000000000000004,True,available
153,Manhattan,Marble Hill,Boro Zone,3313.3730957977655,2267.5205381266574,0.6843541226922117,0.09508209714088245,0.08446768804707872,high,6,1.000000000000002,True,available
154,Brooklyn,Marine Park/Floyd Bennett Field,Boro Zone,17.399030140887845,1.3799924192463664,0.07931433005586756,1.1344657060045775,8.695858315253687,low,11,1.0000000000000024,True,available
155,Brooklyn,Marine Park/Mill Basin,Boro Zone,15129.965337910477,2792.9456279190285,0.18459696142996904,0.027051041380353563,0.08909066156949191,high,35,1.0000000000000018,True,available
156,Staten Island,Mariners Harbor,Boro Zone,10861.681196175145,2428.9298653919714,0.2236237486188878,0.03185496662103026,0.0866028080970152,high,13,0.9994792039587514,True,available
157,Queens,Maspeth,Boro Zone,11587.000614596962,2685.5266882503047,0.23177065209327402,0.028089187135496334,0.07368065398979282,high,30,0.9999999999999998,True,available
158,Manhattan,Meatpacking/West Village West,Yellow Zone,5945.350559060479,4360.155180495309,0.7333722607577117,0.0362536860211591,0.03005387206188534,high,9,1.0000000000000029,True,available
159,Bronx,Melrose South,Boro Zone,15972.916418432822,12631.401143141564,0.7908011794618086,0.04608050156103325,0.035426041930055156,high,21,1.0000000000000009,True,available
160,Queens,Middle Village,Boro Zone,15125.115565411781,3687.27870366563,0.24378515904352654,0.027031772452291387,0.06741243316669936,high,34,1.0000000000000009,True,available
161,Manhattan,Midtown Center,Yellow Zone,882.911025161586,683.7894900601071,0.774471572529025,0.07365527297188633,0.057819070444843704,high,12,1.0000000000000002,True,available
162,Manhattan,Midtown East,Yellow Zone,2613.7569006634712,2252.412383185266,0.8617528212411483,0.07846421286811664,0.05535561137478649,high,13,0.9999999999999952,True,available
163,Manhattan,Midtown North,Yellow Zone,4511.85737096559,3539.7338335947024,0.7845402774416954,0.07504349576953483,0.05815278992737402,high,10,0.9999999999999926,True,available
164,Manhattan,Midtown South,Yellow Zone,5281.12043515558,4506.565637615519,0.8533351384331301,0.04794120308475759,0.03415560971620758,high,15,1.0000000000000007,True,available
165,Brooklyn,Midwood,Boro Zone,19732.683172497298,8804.438535442234,0.4461855723560971,0.025306619778478003,0.034481913670306424,high,33,0.9999999999999964,True,available
166,Manhattan,Morningside Heights,Boro Zone,12431.61155739089,9771.420201205512,0.7860139577315034,0.04349500671244837,0.033642006258003385,high,15,1.0000000000000013,True,available
167,Bronx,Morrisania/Melrose,Boro Zone,16592.734622179898,11296.04517524146,0.6807826095248802,0.044720302495805754,0.03993641001855295,high,25,1.000000000000002,True,available
168,Bronx,Mott Haven/Port Morris,Boro Zone,22128.32232744164,17096.91497668763,0.7726259010374911,0.02814629388825932,0.022147499377623628,high,29,0.9999999999999988,True,available
169,Bronx,Mount Hope,Boro Zone,19748.89398135964,15256.41777826264,0.7725201113876399,0.03494389172942783,0.02750009662833319,high,26,1.0000000000000016,True,available
170,Manhattan,Murray Hill,Yellow Zone,13786.247949927147,12229.99105381301,0.8871152686527475,0.03405210448951883,0.023336549709956658,high,14,1.0000000000000016,True,available
171,Queens,Murray Hill-Queens,Boro Zone,18170.63780735754,5431.788296458602,0.29893217585676585,0.032196280242950716,0.0654795639838607,high,30,1.0000000000000009,True,available
172,Staten Island,New Dorp/Midland Beach,Boro Zone,7750.361118009729,1294.6409782198973,0.1670426653038791,0.03684800894546595,0.1341094428778956,moderate,11,0.9999999999999992,True,available
173,Queens,North Corona,Boro Zone,12659.828465840701,7151.08398336704,0.5648642082838962,0.040574598931064146,0.043669972819065,high,27,1.0000000000000016,True,available
174,Bronx,Norwood,Boro Zone,15082.848895190362,10520.828374090439,0.6975358864362378,0.02923388479011895,0.025479606608166974,high,18,1.0000000000000036,True,available
175,Queens,Oakland Gardens,Boro Zone,11295.0357075479,1509.170150061851,0.13361357937570298,0.024791772890588825,0.1128053583659873,high,14,1.0000000000000024,True,available
176,Staten Island,Oakwood,Boro Zone,7931.886117009831,949.054619208239,0.11965056043517862,0.0387164804850219,0.19672242848540245,moderate,12,0.9999999999999998,True,available
177,Brooklyn,Ocean Hill,Boro Zone,15694.234672026405,10081.005827426028,0.6423381603560788,0.03957424980432162,0.03745602709168489,high,27,1.0000000000000004,True,available
178,Brooklyn,Ocean Parkway South,Boro Zone,6384.7683921746975,2267.7069287311783,0.3551745011628811,0.0525551879598535,0.08995940155610271,high,22,1.0000000000000018,True,available
179,Queens,Old Astoria,Boro Zone,11830.339807100947,7494.238250665621,0.6334761615357271,0.040754365631953525,0.039112592581400506,high,20,0.9999999999999993,True,available
180,Queens,Ozone Park,Boro Zone,7488.792993972023,1886.7130767337478,0.25193820663121885,0.04760830101419118,0.11488448792388513,high,18,0.9999999999999986,True,available
181,Brooklyn,Park Slope,Boro Zone,30095.275874730556,16422.340304004396,0.545678344081683,0.02797605764269938,0.03116897629950764,high,34,0.9999999999999993,True,available
182,Bronx,Parkchester,Boro Zone,12485.123270296855,8740.620988253924,0.7000828745558794,0.03709989559130413,0.032217807073562914,high,14,0.9999999999999996,True,available
183,Bronx,Pelham Bay,Boro Zone,6486.097058053867,2813.7670019416837,0.43381512437403236,0.06410256903306882,0.08983456914505583,high,6,1.0000000000000029,True,available
184,Bronx,Pelham Bay Park,Boro Zone,121.19836483927769,42.09588958149176,0.34733050761299894,0.12819064621223,0.22438103605556434,moderate,13,1.0000000000000002,True,available
185,Bronx,Pelham Parkway,Boro Zone,11446.438710500579,5609.542810303097,0.49006882858308504,0.03617611738580605,0.04487842611890217,high,28,0.9999999999999999,True,available
186,Manhattan,Penn Station/Madison Sq West,Yellow Zone,2669.6400528176196,2437.374674705862,0.912997492726925,0.06434194883399164,0.04284472595352737,high,7,0.9999999999999979,True,available
187,Staten Island,Port Richmond,Boro Zone,6499.142059555389,1431.5336196905685,0.22026501445461566,0.048276708382949875,0.13324928044655038,moderate,13,1.0000000000000004,True,available
188,Brooklyn,Prospect-Lefferts Gardens,Boro Zone,28960.75457493133,19416.420550431652,0.6704390419177361,0.027555650708314984,0.02498757539235021,high,37,0.9999999999999992,True,available
189,Brooklyn,Prospect Heights,Boro Zone,11155.8667085717,6891.538922948334,0.6177502029181797,0.03678971016049735,0.036206472341848206,high,15,1.0000000000000029,True,available
190,Brooklyn,Prospect Park,Boro Zone,74.58007977469725,48.148738325136776,0.645597838867855,0.15091598812378587,0.1421169658582935,moderate,14,1.0000000000000002,True,available
191,Queens,Queens Village,Boro Zone,16835.53348726716,3382.4287303893198,0.20091010082617675,0.03683719798127816,0.11146988672600659,high,33,0.9999805961924267,True,available
192,Queens,Queensboro Hill,Boro Zone,6284.927454653565,1318.2841575101345,0.20975328148521968,0.03906734217828513,0.11323425985875171,high,18,0.9999999999999998,True,available
193,Queens,Queensbridge/Ravenswood,Boro Zone,5259.973809059717,3989.5388287638975,0.7584712345700967,0.07048819119797774,0.056500201266305394,high,15,0.9999999999999999,True,available
194,Manhattan,Randalls Island,Yellow Zone,217.18171185471607,183.73352645694555,0.8459898620739037,0.08618564760619349,0.06193591155628795,high,4,0.999999999999999,True,available
195,Brooklyn,Red Hook,Boro Zone,4713.416943265367,3282.1937747196193,0.6963512488343068,0.06995360245655592,0.061073733408960384,high,13,1.0000000000000009,True,available
196,Queens,Rego Park,Boro Zone,12540.919747488735,6071.896994257618,0.4841668008818483,0.04307104092228745,0.05408329017719262,high,21,1.000000000000001,True,available
197,Queens,Richmond Hill,Boro Zone,18782.93676832692,5831.509071734595,0.3104684397153531,0.026190447903780015,0.05128592699641456,high,44,0.9999999999999994,True,available
198,Queens,Ridgewood,Boro Zone,26085.0662399071,13584.273318214919,0.520768212481384,0.025208950791026988,0.02942951104044261,high,44,1.0000000000000007,True,available
199,Bronx,Rikers Island,Boro Zone,0.07794240853436675,0.017188409094263956,0.2205270457697642,175.09991645311007,482.7217002035572,low,4,0.9999999999999978,True,available
200,Bronx,Riverdale/North Riverdale/Fieldston,Boro Zone,11932.370646285042,3685.192010492312,0.3088398877082853,0.034030126333797144,0.0669889111441273,high,15,0.9957504867376644,True,available
201,Queens,Rockaway Park,Boro Zone,8551.271512905249,1845.0035815907459,0.2157578061702681,0.04197589115450087,0.11827859327983958,high,9,0.9999999999999994,True,available
202,Manhattan,Roosevelt Island,Boro Zone,5207.186088459916,3675.1197656933327,0.705778457550821,0.06396879866749758,0.05510265687911458,high,11,0.9999999999999988,True,available
203,Queens,Rosedale,Boro Zone,8448.923237216715,1037.265570868961,0.12276896614469207,0.033780269789457654,0.1672812474295764,moderate,20,0.9990249389146292,True,available
204,Staten Island,Rossville/Woodrow,Boro Zone,7646.922960677921,377.15771174254894,0.049321500122594786,0.02169811321018316,0.2674597514864043,moderate,13,1.0,True,available
205,Queens,Saint Albans,Boro Zone,17309.52594803553,3655.7758596228696,0.21120022989640372,0.023339403344581382,0.0671843478723612,high,47,1.0000000000000013,True,available
206,Staten Island,Saint George/New Brighton,Boro Zone,12691.683409967023,4086.5217583136896,0.32198421803560473,0.03206864083288202,0.06055063631199298,high,23,1.0000000000000016,True,available
207,Queens,Saint Michaels Cemetery/Woodside,Boro Zone,35.170100488099756,7.721285443458577,0.21954118231965733,0.3937933888420566,1.0904987327599895,low,7,1.0000000000000047,True,available
208,Bronx,Schuylerville/Edgewater Park,Boro Zone,17307.95744380125,4746.1080929204345,0.27421537800349904,0.029615967104605203,0.06566090372469628,high,22,1.0000000000000013,True,available
209,Manhattan,Seaport,Yellow Zone,3090.0584191300622,2203.4093179839483,0.7130639680929624,0.056087649795113347,0.04782021165647851,high,5,0.9999999999999939,True,available
210,Brooklyn,Sheepshead Bay,Boro Zone,21969.781066921227,9268.441931602047,0.42187229373701246,0.03136084911275884,0.04519387206911793,high,28,0.9999999999999997,True,available
211,Manhattan,SoHo,Yellow Zone,3805.878419226622,2868.9145156686923,0.7538113937574689,0.04017243514362883,0.03239949223685983,high,9,0.999999999999992,True,available
212,Bronx,Soundview/Bruckner,Boro Zone,11612.836274573001,7777.430016058618,0.6697270014120293,0.03722709615103734,0.033793571693454136,high,21,0.9999999999999997,True,available
213,Bronx,Soundview/Castle Hill,Boro Zone,21206.938874137784,10034.015384536933,0.47314774867265647,0.03834745815874218,0.04927340189076404,high,23,0.9999999999999991,True,available
214,Staten Island,South Beach/Dongan Hills,Boro Zone,9100.936577953249,1525.3402960407502,0.1676025629863021,0.0350754540786169,0.12723171746034384,moderate,15,0.9999999999999994,True,available
215,Queens,South Jamaica,Boro Zone,13181.832081935794,3927.701366700889,0.29796323775686373,0.02583084939470727,0.05270462719434763,high,27,0.9999999999999976,True,available
216,Queens,South Ozone Park,Boro Zone,22952.364778365267,5101.891970366423,0.22228175700551037,0.02242460901072158,0.06133294263406617,high,45,1.0000000000000002,True,available
217,Brooklyn,South Williamsburg,Boro Zone,9114.403014447538,5679.681811286718,0.6231545612239955,0.05310352622347843,0.05180841732548058,high,19,1.0000000000000002,True,available
218,Queens,Springfield Gardens North,Boro Zone,11418.105396037376,3743.318907159335,0.3278406335659193,0.05257529385481339,0.09749709406407583,high,14,1.0000000000000004,True,available
219,Queens,Springfield Gardens South,Boro Zone,6768.169503512041,1027.2292708489624,0.1517735733887763,0.03688569068620637,0.14775238634607915,moderate,18,1.0000000000000004,True,available
220,Bronx,Spuyten Duyvil/Kingsbridge,Boro Zone,14286.708675528447,6231.01979850629,0.43614102730178417,0.030332194101490236,0.04228142613631024,high,20,0.9999999999999993,True,available
221,Staten Island,Stapleton,Boro Zone,10429.509266459727,3413.7661245615977,0.327318001005084,0.041395367463294176,0.07688729731187915,high,18,1.0000000000000002,True,available
222,Brooklyn,Starrett City,Boro Zone,6098.5198518144325,4438.403204872638,0.7277836774692343,0.05161562819046158,0.043117309117083565,high,7,0.9999999999999999,True,available
223,Queens,Steinway,Boro Zone,20353.853676643143,7983.51905743693,0.3922362410710624,0.02596903922960384,0.040251392310691754,high,29,0.9999999999999992,True,available
224,Manhattan,Stuy Town/Peter Cooper Village,Yellow Zone,10306.354487094495,7470.431208390777,0.7248374017937351,0.0821180332278601,0.06887643932348017,high,7,1.0000000000000013,True,available
225,Brooklyn,Stuyvesant Heights,Boro Zone,29659.44853647116,17424.364930806278,0.5874810824409011,0.022475468086105947,0.023258815954703724,high,37,0.9999999999999993,True,available
226,Queens,Sunnyside,Boro Zone,21323.773763158457,13334.869795899978,0.6253522450579981,0.025559628343115925,0.024848636580623203,high,38,0.9999999999999998,True,available
227,Brooklyn,Sunset Park East,Boro Zone,19470.710276896607,12732.912047465417,0.6539521089055457,0.02740581479086317,0.025478245439254952,high,39,0.9999999999999992,True,available
228,Brooklyn,Sunset Park West,Boro Zone,17001.04979459108,10295.022688073293,0.605552175451464,0.029195110705733964,0.029311044913245522,high,38,1.0000000000000004,True,available
229,Manhattan,Sutton Place/Turtle Bay North,Yellow Zone,16654.25401124523,12423.926277597984,0.7459911605292643,0.048521398562534616,0.039543251060881184,high,12,1.0000000000000036,True,available
230,Manhattan,Times Sq/Theatre District,Yellow Zone,4804.100523128309,4464.041808927529,0.9292149045250739,0.03837085757181161,0.025104876055576472,high,10,0.9999999999999989,True,available
231,Manhattan,TriBeCa/Civic Center,Yellow Zone,9666.830477943788,6196.837128191836,0.641041253628144,0.003813083011303477,0.003616288116011624,high,11,0.9999999999999988,True,available
232,Manhattan,Two Bridges/Seward Park,Yellow Zone,21249.598231236927,16377.911329336266,0.7707398112243234,0.03445381335208253,0.02717704588210905,high,15,0.9999999999999977,True,available
233,Manhattan,UN/Turtle Bay South,Yellow Zone,11253.848497665866,9498.251667316914,0.8440003141402627,0.02359247787406144,0.01699431607424643,high,11,0.9999999999999966,True,available
234,Manhattan,Union Sq,Yellow Zone,8684.415890693273,7109.5885428411475,0.8186605331119848,0.044029006966533384,0.032696990394592874,high,15,1.000000000000001,True,available
235,Bronx,University Heights/Morris Heights,Boro Zone,19930.859706710315,14583.986316642216,0.7317289134162178,0.02814282075372137,0.02338245740025997,high,24,0.9999999999999988,True,available
236,Manhattan,Upper East Side North,Yellow Zone,17989.263551353186,11055.60358230713,0.6145667692703022,0.032323270608993135,0.03197561954057947,high,19,1.0000000000000016,True,available
237,Manhattan,Upper East Side South,Yellow Zone,9376.160310161442,5754.262869692773,0.6137120824882413,0.04266887783430649,0.0422687389242859,high,15,1.0000000000000056,True,available
238,Manhattan,Upper West Side North,Yellow Zone,26390.48970399034,18790.445167622267,0.7120157821391652,0.03749922256492267,0.03201882475305696,high,11,1.0000000000000004,True,available
239,Manhattan,Upper West Side South,Yellow Zone,22357.086426454145,16577.281579957067,0.7414777249481805,0.03483677887053259,0.028563579192645336,high,10,1.0000000000000009,True,available
240,Bronx,Van Cortlandt Park,Boro Zone,486.0261927513133,344.1323149982358,0.7080530229248759,0.08931786809097006,0.07669116063283979,high,21,0.9961434892410813,True,available
241,Bronx,Van Cortlandt Village,Boro Zone,18296.3323505206,11920.88748373106,0.6515451979856425,0.02568011536780484,0.02396211595205925,high,19,0.9999999999999992,True,available
242,Bronx,Van Nest/Morris Park,Boro Zone,9696.825726293562,3855.1595567980216,0.3975692319956324,0.03418302927834431,0.052272169254379726,high,35,0.999999999999999,True,available
243,Manhattan,Washington Heights North,Boro Zone,26041.508723177725,18666.66896909676,0.7168044358537056,0.029203828022369857,0.02476919209216462,high,18,1.0000000000000009,True,available
244,Manhattan,Washington Heights South,Boro Zone,30901.133562781753,25490.719869865534,0.8249121288083527,0.02404465095643129,0.017720808446607773,high,19,0.9999999999999997,True,available
245,Staten Island,West Brighton,Boro Zone,6158.148233556576,1087.9611417428696,0.17667017754045336,0.037743786767291065,0.12988379446294152,moderate,19,1.0000000000000004,True,available
246,Manhattan,West Chelsea/Hudson Yards,Yellow Zone,7730.705425961294,6637.7158975593065,0.8586171030742544,0.05382139494502783,0.03810905308395827,high,13,1.0000000000000007,True,available
247,Bronx,West Concourse,Boro Zone,15443.137044257823,12463.955821253227,0.8070870436190076,0.04178604006171009,0.031476293337757706,high,23,1.0000000000000002,True,available
248,Bronx,West Farms/Bronx River,Boro Zone,12664.20196882974,8346.737868090948,0.6590812345408483,0.03703080505358048,0.03415835521276977,high,17,0.9999999999999991,True,available
249,Manhattan,West Village,Yellow Zone,12450.572480504623,10537.914801502286,0.8463799410029363,0.042856610782915305,0.030784010886626814,high,12,1.0000000000000002,True,available
250,Bronx,Westchester Village/Unionport,Boro Zone,9190.14317156202,4102.801122601295,0.44643495166615066,0.04647318864164672,0.06328736679322994,high,20,1.0000000000000036,True,available
251,Staten Island,Westerleigh,Boro Zone,8650.940847391306,1058.166320466842,0.12231806217770319,0.03196106199111113,0.15885590113766176,moderate,18,0.9999999999999986,True,available
252,Queens,Whitestone,Boro Zone,12364.98900602713,1178.5605510512048,0.09531432259880968,0.02061528979036564,0.13149342017198845,moderate,16,0.9999999999999981,True,available
253,Queens,Willets Point,Boro Zone,7.27350865486466,5.0119219344776464,0.6890652327918216,1.3866153178247205,1.223399782179597,low,5,1.0000000000000024,True,available
254,Bronx,Williamsbridge/Olinville,Boro Zone,23609.217509303046,11958.628834287745,0.5065237265731289,0.02915986198876777,0.03499922389344622,high,35,1.0,True,available
255,Brooklyn,Williamsburg (North Side),Boro Zone,13268.714017402137,8675.799386328956,0.6538538229816772,0.048041486260041275,0.04466923456040716,high,16,1.0,True,available
256,Brooklyn,Williamsburg (South Side),Boro Zone,17394.179890392945,12495.63378543616,0.7183801630301454,0.03381083446027504,0.02861371855823295,high,20,1.000000000000002,True,available
257,Brooklyn,Windsor Terrace,Boro Zone,9482.449271018135,4140.188356749311,0.4366159246855404,0.053800743298704386,0.07491373447712886,high,17,1.0000000000000009,True,available
258,Queens,Woodhaven,Boro Zone,17338.92992091432,5313.643839311378,0.3064574263549003,0.02509426391378698,0.04978254033405581,high,32,0.9999999999999992,True,available
259,Bronx,Woodlawn/Wakefield,Boro Zone,16994.00762662144,5498.541106282659,0.32355764614752136,0.038912099071251885,0.07311487382872474,high,23,0.9877832676133891,True,available
260,Queens,Woodside,Boro Zone,17356.107808225563,8614.887558311391,0.49636056963350655,0.036948866295641,0.045256043832038254,high,34,0.9999999999999986,True,available
261,Manhattan,World Trade Center,Yellow Zone,2903.279244773982,2658.1775484398213,0.9155776362968345,0.049315107567524746,0.032745946792020954,high,9,0.9999999999999957,True,available
262,Manhattan,Yorkville East,Yellow Zone,18748.746230748202,12760.544026149328,0.6806078587389411,0.032963957186910565,0.0294452418104039,high,18,1.0000000000000002,True,available
263,Manhattan,Yorkville West,Yellow Zone,24261.946667527693,19396.05612442268,0.7994435232347805,0.037827186099158056,0.02876663022789566,high,19,0.9999999999999999,True,available
