LocationID,borough,zone,nearest_station_id,nearest_station_name,station_borough,nearest_station_division,nearest_station_latitude,nearest_station_longitude,subway_proximity_km
2,Queens,Jamaica Bay,199,Broad Channel,Q,IND,40.608382,-73.815925,1.5986215033248616
3,Bronx,Allerton/Pelham Gardens,444,Gun Hill Rd,Bx,IRT,40.869526,-73.846384,0.5678389783446932
4,Manhattan,Alphabet City,119,1 Av,M,BMT,40.730953,-73.981628,0.8912941420343661
5,Staten Island,Arden Heights,515,Annadale,SI,SIR,40.54046,-74.178217,1.6098168329800355
6,Staten Island,Arrochar/Fort Wadsworth,505,Grasmere,SI,SIR,40.603117,-74.084087,1.087635557980975
7,Queens,Astoria,4,Broadway,Q,BMT,40.76182,-73.925508,0.49223396309677364
8,Queens,Astoria Park,1,Astoria-Ditmars Blvd,Q,BMT,40.775036,-73.912034,1.0116981047638378
9,Queens,Auburndale,447,Flushing-Main St,Q,IRT,40.7596,-73.83003,3.678665981318962
10,Queens,Baisley Park,278,Jamaica Center-Parsons/Archer,Q,IND,40.702147,-73.801109,2.714027936828178
11,Brooklyn,Bath Beach,66,18 Av,Bk,BMT,40.607954,-74.001736,0.6356839105359463
12,Manhattan,Battery Park,330,South Ferry,M,IRT,40.702068,-74.013664,0.1878099382195845
13,Manhattan,Battery Park City,328,WTC Cortlandt,M,IRT,40.711835,-74.012188,0.32958471566400155
14,Brooklyn,Bay Ridge,38,86 St,Bk,BMT,40.622687,-74.028398,0.2698447174640813
15,Queens,Bay Terrace/Fort Totten,447,Flushing-Main St,Q,IRT,40.7596,-73.83003,4.558594771306954
16,Queens,Bayside,447,Flushing-Main St,Q,IRT,40.7596,-73.83003,4.7926112876397795
17,Brooklyn,Bedford,288,Myrtle-Willoughby Avs,Bk,IND,40.694568,-73.949046,0.3475794596493198
18,Bronx,Bedford Park,212,Kingsbridge Rd,Bx,IND,40.866978,-73.893509,0.29102845106699454
19,Queens,Bellerose,254,Jamaica-179 St,Q,IND,40.712646,-73.783817,5.454847093524947
20,Bronx,Belmont,213,Fordham Rd,Bx,IND,40.861296,-73.897749,1.0751963209747126
21,Brooklyn,Bensonhurst East,77,Kings Hwy,Bk,BMT,40.603923,-73.980353,0.386471104871265
22,Brooklyn,Bensonhurst West,65,79 St,Bk,BMT,40.613501,-74.00061,0.474756508727547
23,Staten Island,Bloomfield/Emerson Hill,510,New Dorp,SI,SIR,40.57348,-74.11721,5.835205975369075
24,Manhattan,Bloomingdale,308,Cathedral Pkwy (110 St),M,IRT,40.803967,-73.966847,0.24994769682648474
25,Brooklyn,Boerum Hill,175,Hoyt-Schermerhorn Sts,Bk,IND,40.688484,-73.985001,0.33020021276097183
26,Brooklyn,Borough Park,62,55 St,Bk,BMT,40.631435,-73.995476,0.579120477263608
27,Queens,Breezy Point/Fort Tilden/Riis Beach,55,Brighton Beach,Bk,BMT,40.577621,-73.961376,5.048354338570912
28,Queens,Briarwood/Jamaica Hills,256,Parsons Blvd,Q,IND,40.707564,-73.803326,0.6395307902290647
29,Brooklyn,Brighton Beach,55,Brighton Beach,Bk,BMT,40.577621,-73.961376,0.3667850717291017
30,Queens,Broad Channel,199,Broad Channel,Q,IND,40.608382,-73.815925,0.7279509070730967
31,Bronx,Bronx Park,424,Pelham Pkwy,Bx,IRT,40.857192,-73.867615,0.6656535338298039
32,Bronx,Bronxdale,423,Allerton Av,Bx,IRT,40.865462,-73.867352,0.262654346186888
33,Brooklyn,Brooklyn Heights,334,Clark St,Bk,IRT,40.697466,-73.993086,0.2603104691211889
34,Brooklyn,Brooklyn Navy Yard,235,York St,Bk,IND,40.701397,-73.986751,1.3166119727036751
35,Brooklyn,Brownsville,348,Rockaway Av,Bk,IRT,40.662549,-73.908946,0.19588909663016751
36,Brooklyn,Bushwick North,113,Knickerbocker Av,Bk,BMT,40.698664,-73.919711,0.26680924510336435
37,Brooklyn,Bushwick South,113,Knickerbocker Av,Bk,BMT,40.698664,-73.919711,0.46007692269022715
38,Queens,Cambria Heights,254,Jamaica-179 St,Q,IND,40.712646,-73.783817,4.55719505386647
39,Brooklyn,Canarsie,138,Canarsie-Rockaway Pkwy,Bk,BMT,40.646654,-73.90185,0.9734902639400186
40,Brooklyn,Carroll Gardens,237,Carroll St,Bk,IND,40.680303,-73.995048,0.1446583041706125
41,Manhattan,Central Harlem,440,116 St,M,IRT,40.802098,-73.949625,0.28537214408542677
42,Manhattan,Central Harlem North,438,135 St,M,IRT,40.814229,-73.94077,0.44733644266124195
43,Manhattan,Central Park,158,86 St,M,IND,40.785868,-73.968916,0.4714522752039138
44,Staten Island,Charleston/Tottenville,519,Richmond Valley,SI,SIR,40.519631,-74.229141,0.7497575916313282
45,Manhattan,Chinatown,105,Chambers St,M,BMT,40.713243,-74.003401,0.45203835319693286
46,Bronx,City Island,360,Pelham Bay Park,Bx,IRT,40.852462,-73.828121,3.908187929082263
47,Bronx,Claremont/Bathgate,216,174-175 Sts,Bx,IND,40.8459,-73.910136,0.8989894965507448
48,Manhattan,Clinton East,162,50 St,M,IND,40.762456,-73.985984,0.32678159209235563
49,Brooklyn,Clinton Hill,290,Classon Av,Bk,IND,40.688873,-73.96007,0.2184006363298208
50,Manhattan,Clinton West,162,50 St,M,IND,40.762456,-73.985984,0.8794276837656416
51,Bronx,Co-Op City,443,Baychester Av,Bx,IRT,40.878663,-73.838591,1.014473204446754
52,Brooklyn,Cobble Hill,236,Bergen St,Bk,IND,40.686145,-73.990862,0.49871395818680503
53,Queens,College Point,447,Flushing-Main St,Q,IRT,40.7596,-73.83003,2.6010946327935867
54,Brooklyn,Columbia Street,237,Carroll St,Bk,IND,40.680303,-73.995048,1.0141871190655705
55,Brooklyn,Coney Island,58,Coney Island-Stillwell Av,Bk,BMT,40.577422,-73.981233,0.5704925022264232
56,Queens,Corona,450,103 St-Corona Plaza,Q,IRT,40.749865,-73.8627,0.9941011459085148
57,Queens,Corona,449,111 St,Q,IRT,40.75173,-73.855334,0.1483262455527706
58,Bronx,Country Club,361,Buhre Av,Bx,IRT,40.84681,-73.832569,1.1867525203908955
59,Bronx,Crotona Park,428,174 St,Bx,IRT,40.837288,-73.887734,0.6274888204191349
60,Bronx,Crotona Park East,428,174 St,Bx,IRT,40.837288,-73.887734,0.3975191542850627
61,Brooklyn,Crown Heights North,344,Kingston Av,Bk,IRT,40.669399,-73.942161,0.613287931978027
62,Brooklyn,Crown Heights South,353,President St-Medgar Evers College,Bk,IRT,40.667883,-73.950683,0.21883034742499244
63,Brooklyn,Cypress Hills,88,Norwood Av,Bk,BMT,40.68141,-73.880039,0.3125667332928359
64,Queens,Douglaston,254,Jamaica-179 St,Q,IND,40.712646,-73.783817,6.518573853539419
65,Brooklyn,Downtown Brooklyn/MetroTech,174,Jay St-MetroTech,Bk,IND,40.692338,-73.987342,0.34959565566924955
66,Brooklyn,DUMBO/Vinegar Hill,235,York St,Bk,IND,40.701397,-73.986751,0.13049057749506598
67,Brooklyn,Dyker Heights,64,71 St,Bk,BMT,40.619589,-73.998864,1.264041119081875
68,Manhattan,East Chelsea,165,23 St,M,IND,40.745906,-73.998041,0.3217429250556746
69,Bronx,East Concourse/Concourse Village,218,167 St,Bx,IND,40.833771,-73.91844,0.38872092096246513
70,Queens,East Elmhurst,450,103 St-Corona Plaza,Q,IRT,40.749865,-73.8627,1.5730478691060754
71,Brooklyn,East Flatbush/Farragut,357,Beverly Rd,Bk,IRT,40.645098,-73.948959,0.9341753167611946
72,Brooklyn,East Flatbush/Remsen Village,347,Saratoga Av,Bk,IRT,40.661453,-73.916327,1.1267654207574616
73,Queens,East Flushing,447,Flushing-Main St,Q,IRT,40.7596,-73.83003,2.0144035238141083
74,Manhattan,East Harlem North,392,125 St,M,IRT,40.804138,-73.937594,0.3303572120132491
75,Manhattan,East Harlem South,395,103 St,M,IRT,40.7906,-73.947478,0.15983742591580619
76,Brooklyn,East New York,352,New Lots Av,Bk,IRT,40.666235,-73.884079,0.8504530479100809
77,Brooklyn,East New York/Pennsylvania Avenue,350,Pennsylvania Av,Bk,IRT,40.664635,-73.894895,0.21727232459596307
78,Bronx,East Tremont,427,West Farms Sq-E Tremont Av,Bx,IRT,40.840295,-73.880049,0.6938495463878801
79,Manhattan,East Village,407,Astor Pl,M,IRT,40.730054,-73.99107,0.5109319903320645
80,Brooklyn,East Williamsburg,123,Grand St,Bk,BMT,40.711926,-73.94067,0.5035142145805396
81,Bronx,Eastchester,443,Baychester Av,Bx,IRT,40.878663,-73.838591,0.3009755446029835
82,Queens,Elmhurst,265,Grand Av-Newtown,Q,IND,40.737015,-73.877223,0.2755802750581625
83,Queens,Elmhurst/Maspeth,267,Jackson Hts-Roosevelt Av,Q,IND,40.746644,-73.891338,0.9266222281835896
84,Staten Island,Eltingville/Annadale/Prince's Bay,516,Huguenot,SI,SIR,40.533674,-74.191794,0.6545243861069624
85,Brooklyn,Erasmus,357,Beverly Rd,Bk,IRT,40.645098,-73.948959,0.2521275641066453
86,Queens,Far Rockaway,209,Far Rockaway-Mott Av,Q,IND,40.603995,-73.755405,0.1740309025807664
87,Manhattan,Financial District North,333,Wall St,M,IRT,40.706821,-74.0091,0.13555985471373797
88,Manhattan,Financial District South,23,Whitehall St-South Ferry,M,BMT,40.703087,-74.012994,0.128558556412598
89,Brooklyn,Flatbush/Ditmas Park,47,Newkirk Plaza,Bk,BMT,40.635082,-73.962793,0.34890435655166135
90,Manhattan,Flatiron,321,18 St,M,IRT,40.74104,-73.997871,0.15713176090598005
91,Brooklyn,Flatlands,359,Flatbush Av-Brooklyn College,Bk,IRT,40.632836,-73.947642,1.6536636252355215
92,Queens,Flushing,447,Flushing-Main St,Q,IRT,40.7596,-73.83003,0.1938667788883736
93,Queens,Flushing Meadows-Corona Park,448,Mets-Willets Point,Q,IRT,40.754622,-73.845625,1.6002386782009572
94,Bronx,Fordham South,214,182-183 Sts,Bx,IND,40.856093,-73.900741,0.25053554457357224
95,Queens,Forest Hills,261,Forest Hills-71 Av,Q,IND,40.721691,-73.844521,0.267531362133343
96,Queens,Forest Park/Highland Park,85,75 St-Elderts Ln,Q,BMT,40.691324,-73.867139,0.7329483871452024
97,Brooklyn,Fort Greene,292,Fulton St,Bk,IND,40.687119,-73.975375,0.4094033375158426
98,Queens,Fresh Meadows,254,Jamaica-179 St,Q,IND,40.712646,-73.783817,2.485351858653447
99,Staten Island,Freshkills Park,514,Eltingville,SI,SIR,40.544601,-74.16457,4.023388328708257
100,Manhattan,Garment District,11,Times Sq-42 St,M,BMT,40.754672,-73.986754,0.21455847991887705
101,Queens,Glen Oaks,254,Jamaica-179 St,Q,IND,40.712646,-73.783817,7.178242512525092
102,Queens,Glendale,108,Middle Village-Metropolitan Av,Q,BMT,40.711396,-73.889601,1.4603110263923622
103,Manhattan,Governor's Island/Ellis Island/Liberty Island,330,South Ferry,M,IRT,40.702068,-74.013664,2.9970333696015476
104,Manhattan,Governor's Island/Ellis Island/Liberty Island,330,South Ferry,M,IRT,40.702068,-74.013664,2.320037998687605
105,Manhattan,Governor's Island/Ellis Island/Liberty Island,330,South Ferry,M,IRT,40.702068,-74.013664,1.544352852964676
106,Brooklyn,Gowanus,29,4 Av-9 St,Bk,BMT,40.670847,-73.988302,0.35630886698786235
107,Manhattan,Gramercy,405,23 St-Baruch College,M,IRT,40.739864,-73.986599,0.40030610561874846
108,Brooklyn,Gravesend,70,Bay 50 St,Bk,BMT,40.588841,-73.983765,0.2034354661328343
109,Staten Island,Great Kills,513,Great Kills,SI,SIR,40.551231,-74.151399,0.08226135071395452
110,Staten Island,Great Kills Park,512,Bay Terrace,SI,SIR,40.5564,-74.136907,1.3845738797111269
111,Brooklyn,Green-Wood Cemetery,59,9 Av,Bk,BMT,40.646292,-73.994324,0.7355064754548829
112,Brooklyn,Greenpoint,283,Greenpoint Av,Bk,IND,40.731352,-73.954449,0.4625881036113483
113,Manhattan,Greenwich Village North,16,8 St-NYU,M,BMT,40.730328,-73.992629,0.2872712912097788
114,Manhattan,Greenwich Village South,230,Broadway-Lafayette St,M,IND,40.725297,-73.996204,0.3522652060971355
115,Staten Island,Grymes Hill/Clifton,504,Clifton,SI,SIR,40.621319,-74.071402,1.4396736443666154
116,Manhattan,Hamilton Heights,304,145 St,M,IRT,40.826551,-73.95036,0.16331176886813137
117,Queens,Hammels/Arverne,205,Beach 60 St,Q,IND,40.592374,-73.788522,0.20906870750519557
118,Staten Island,Heartland Village/Todt Hill,510,New Dorp,SI,SIR,40.57348,-74.11721,1.9727766665752535
119,Bronx,Highbridge,388,167 St,Bx,IRT,40.835537,-73.9214,0.4750491269552237
120,Manhattan,Highbridge Park,301,181 St,M,IRT,40.849505,-73.933596,0.42679487461987414
121,Queens,Hillcrest/Pomonok,255,169 St,Q,IND,40.71047,-73.793604,2.119596910561756
122,Queens,Hollis,254,Jamaica-179 St,Q,IND,40.712646,-73.783817,1.9293963381734172
123,Brooklyn,Homecrest,52,Avenue U,Bk,BMT,40.5993,-73.955929,0.7150787416318444
124,Queens,Howard Beach,198,Howard Beach-JFK Airport,Q,IND,40.660476,-73.830301,1.2606520116950601
125,Manhattan,Hudson Sq,324,Houston St,M,IRT,40.728251,-74.005367,0.2818560954009072
126,Bronx,Hunts Point,372,Longwood Av,Bx,IRT,40.816104,-73.896435,1.0225883174568624
127,Manhattan,Inwood,298,207 St,M,IRT,40.864621,-73.918822,0.1665823909139542
128,Manhattan,Inwood Hill Park,143,Inwood-207 St,M,IND,40.868072,-73.919899,0.6089322765178489
129,Queens,Jackson Heights,453,82 St-Jackson Hts,Q,IRT,40.747659,-73.883697,1.0806263924456931
130,Queens,Jamaica,278,Jamaica Center-Parsons/Archer,Q,IND,40.702147,-73.801109,0.6509649018010684
131,Queens,Jamaica Estates,254,Jamaica-179 St,Q,IND,40.712646,-73.783817,1.1027865272116706
132,Queens,JFK Airport,198,Howard Beach-JFK Airport,Q,IND,40.660476,-73.830301,3.9935521164909056
133,Brooklyn,Kensington,243,Church Av,Bk,IND,40.644041,-73.979678,0.48319786803181025
134,Queens,Kew Gardens,258,Briarwood,Q,IND,40.709179,-73.820574,0.6990457905734467
135,Queens,Kew Gardens Hills,259,Kew Gardens-Union Tpke,Q,IND,40.714441,-73.831008,1.7556867295506788
136,Bronx,Kingsbridge Heights,382,Fordham Rd,Bx,IRT,40.862803,-73.901034,0.49373312060314434
137,Manhattan,Kips Bay,404,28 St,M,IRT,40.74307,-73.984264,0.7183206387191386
138,Queens,LaGuardia Airport,451,Junction Blvd,Q,IRT,40.749145,-73.869527,2.823175048464066
139,Queens,Laurelton,254,Jamaica-179 St,Q,IND,40.712646,-73.783817,5.174570489122074
140,Manhattan,Lenox Hill East,477,72 St,M,IND,40.768799,-73.958424,0.48199332474628215
141,Manhattan,Lenox Hill West,477,72 St,M,IND,40.768799,-73.958424,0.22957131868991065
142,Manhattan,Lincoln Square East,314,66 St-Lincoln Center,M,IRT,40.77344,-73.982209,0.061019907234932266
143,Manhattan,Lincoln Square West,314,66 St-Lincoln Center,M,IRT,40.77344,-73.982209,0.5378525128307576
144,Manhattan,Little Italy/NoLiTa,409,Spring St,M,IRT,40.722301,-73.997141,0.15793961936178294
145,Queens,Long Island City/Hunters Point,282,21 St,Q,IND,40.744065,-73.949724,0.16200684939709553
146,Queens,Long Island City/Queens Plaza,6,39 Av-Dutch Kills,Q,BMT,40.752882,-73.932755,0.23130051731709692
147,Bronx,Longwood,432,Prospect Av,Bx,IRT,40.819585,-73.90177,0.2375671056010021
148,Manhattan,Lower East Side,233,Delancey St-Essex St,M,IND,40.718611,-73.988114,0.23787956917482053
149,Brooklyn,Madison,52,Avenue U,Bk,BMT,40.5993,-73.955929,0.9075694085665713
150,Brooklyn,Manhattan Beach,54,Sheepshead Bay,Bk,BMT,40.586896,-73.954155,1.14144125457769
151,Manhattan,Manhattan Valley,309,103 St,M,IRT,40.799446,-73.968379,0.1657569730943876
152,Manhattan,Manhattanville,305,137 St-City College,M,IRT,40.822008,-73.953676,0.4479426606525303
153,Manhattan,Marble Hill,296,Marble Hill-225 St,M,IRT,40.874561,-73.909831,0.16290313860332833
154,Brooklyn,Marine Park/Floyd Bennett Field,54,Sheepshead Bay,Bk,BMT,40.586896,-73.954155,4.427265757795479
155,Brooklyn,Marine Park/Mill Basin,359,Flatbush Av-Brooklyn College,Bk,IRT,40.632836,-73.947642,3.406438775802431
156,Staten Island,Mariners Harbor,508,Jefferson Av,SI,SIR,40.583591,-74.103338,7.5710256986068565
157,Queens,Maspeth,108,Middle Village-Metropolitan Av,Q,BMT,40.711396,-73.889601,1.764733192893639
158,Manhattan,Meatpacking/West Village West,323,Christopher St-Stonewall,M,IRT,40.733422,-74.002906,0.5437919597175959
159,Bronx,Melrose South,433,Jackson Av,Bx,IRT,40.81649,-73.907807,0.4686096015871455
160,Queens,Middle Village,108,Middle Village-Metropolitan Av,Q,BMT,40.711396,-73.889601,1.1158832681851165
161,Manhattan,Midtown Center,225,47-50 Sts-Rockefeller Ctr,M,IND,40.758663,-73.981329,0.3146091205140879
162,Manhattan,Midtown East,401,51 St,M,IRT,40.757107,-73.97192,0.05938234990644384
163,Manhattan,Midtown North,224,57 St,M,IND,40.763972,-73.97745,0.050903849746397986
164,Manhattan,Midtown South,227,34 St-Herald Sq,M,IND,40.749719,-73.987823,0.25858555400801436
165,Brooklyn,Midwood,50,Avenue M,Bk,BMT,40.617618,-73.959399,0.42687910183307565
166,Manhattan,Morningside Heights,307,116 St-Columbia University,M,IRT,40.807722,-73.96411,0.2762405297531726
167,Bronx,Morrisania/Melrose,431,Intervale Av,Bx,IRT,40.822181,-73.896736,0.7582849390309735
168,Bronx,Mott Haven/Port Morris,376,Brook Av,Bx,IRT,40.807566,-73.91924,0.20551120676789805
169,Bronx,Mount Hope,215,Tremont Av,Bx,IND,40.85041,-73.905227,0.15036715147004312
170,Manhattan,Murray Hill,403,33 St,M,IRT,40.746081,-73.982076,0.3547082729179808
171,Queens,Murray Hill-Queens,447,Flushing-Main St,Q,IRT,40.7596,-73.83003,1.9839491473590012
172,Staten Island,New Dorp/Midland Beach,509,Grant City,SI,SIR,40.578965,-74.109704,0.8921673933578615
173,Queens,North Corona,450,103 St-Corona Plaza,Q,IRT,40.749865,-73.8627,0.3027520987186134
174,Bronx,Norwood,210,Norwood-205 St,Bx,IND,40.874811,-73.878855,0.25873393624765445
175,Queens,Oakland Gardens,254,Jamaica-179 St,Q,IND,40.712646,-73.783817,4.147336405851729
176,Staten Island,Oakwood,511,Oakwood Heights,SI,SIR,40.56511,-74.12632,0.4689162858757312
177,Brooklyn,Ocean Hill,183,Rockaway Av,Bk,IND,40.67834,-73.911946,0.23621464439565662
178,Brooklyn,Ocean Parkway South,248,Avenue N,Bk,IND,40.61514,-73.974197,0.40698904782122547
179,Queens,Old Astoria,3,30 Av,Q,BMT,40.766779,-73.921479,0.7860927303628026
180,Queens,Ozone Park,192,Rockaway Blvd,Q,IND,40.680429,-73.843853,0.6007383372415867
181,Brooklyn,Park Slope,240,7 Av,Bk,IND,40.666271,-73.980305,0.46518048232647324
182,Bronx,Parkchester,366,Parkchester,Bx,IRT,40.833226,-73.860816,0.5560391667850947
183,Bronx,Pelham Bay,361,Buhre Av,Bx,IRT,40.84681,-73.832569,0.2752450575704184
184,Bronx,Pelham Bay Park,360,Pelham Bay Park,Bx,IRT,40.852462,-73.828121,2.44996756575059
185,Bronx,Pelham Parkway,446,Morris Park,Bx,IRT,40.854364,-73.860495,0.5144627125185443
186,Manhattan,Penn Station/Madison Sq West,319,28 St,M,IRT,40.747215,-73.993365,0.16250578406495675
187,Staten Island,Port Richmond,505,Grasmere,SI,SIR,40.603117,-74.084087,5.546195989477213
188,Brooklyn,Prospect-Lefferts Gardens,355,Winthrop St,Bk,IRT,40.656652,-73.9502,0.3292588787223499
189,Brooklyn,Prospect Heights,340,Grand Army Plaza,Bk,IRT,40.675235,-73.971046,0.3957140804083827
190,Brooklyn,Prospect Park,42,Prospect Park,Bk,BMT,40.661614,-73.962246,0.5638566539583187
191,Queens,Queens Village,254,Jamaica-179 St,Q,IND,40.712646,-73.783817,3.5865960846497256
192,Queens,Queensboro Hill,447,Flushing-Main St,Q,IRT,40.7596,-73.83003,2.1586108245826763
193,Queens,Queensbridge/Ravenswood,221,21 St-Queensbridge,Q,IND,40.754203,-73.942836,0.68224437723633
194,Manhattan,Randalls Island,393,116 St,M,IRT,40.798629,-73.941617,1.6676268939993006
195,Brooklyn,Red Hook,238,Smith-9 Sts,Bk,IND,40.67358,-73.995959,1.1388505047597053
196,Queens,Rego Park,263,63 Dr-Rego Park,Q,IND,40.729846,-73.861604,0.43525464936256625
197,Queens,Richmond Hill,81,111 St,Q,BMT,40.697418,-73.836345,0.5584631363567873
198,Queens,Ridgewood,110,Forest Av,Q,BMT,40.704423,-73.903077,0.26065750019463824
199,Bronx,Rikers Island,374,E 143 St-St Mary's St,Bx,IRT,40.808719,-73.907657,2.8747996691938544
200,Bronx,Riverdale/North Riverdale/Fieldston,293,Van Cortlandt Park-242 St,Bx,IRT,40.889248,-73.898583,1.3434915904742906
201,Queens,Rockaway Park,203,Rockaway Park-Beach 116 St,Q,IND,40.580903,-73.835592,0.7404660203204733
202,Manhattan,Roosevelt Island,222,Roosevelt Island,M,IND,40.759145,-73.95326,0.4141754113978903
203,Queens,Rosedale,209,Far Rockaway-Mott Av,Q,IND,40.603995,-73.755405,6.130695253158336
204,Staten Island,Rossville/Woodrow,516,Huguenot,SI,SIR,40.533674,-74.191794,1.5464927690158894
205,Queens,Saint Albans,254,Jamaica-179 St,Q,IND,40.712646,-73.783817,2.953496356756944
206,Staten Island,Saint George/New Brighton,502,Tompkinsville,SI,SIR,40.636949,-74.074835,2.3354373912416433
207,Queens,Saint Michaels Cemetery/Woodside,269,Northern Blvd,Q,IND,40.752885,-73.906006,1.3546975906883463
208,Bronx,Schuylerville/Edgewater Park,364,Zerega Av,Bx,IRT,40.836488,-73.847036,2.463202059885214
209,Manhattan,Seaport,332,Fulton St,M,IRT,40.709416,-74.006571,0.24855147653951679
210,Brooklyn,Sheepshead Bay,54,Sheepshead Bay,Bk,BMT,40.586896,-73.954155,1.2880485848022747
211,Manhattan,SoHo,168,Spring St,M,IND,40.726227,-74.003739,0.3194546278980047
212,Bronx,Soundview/Bruckner,367,St Lawrence Av,Bx,IRT,40.831509,-73.867618,0.4366545720311848
213,Bronx,Soundview/Castle Hill,367,St Lawrence Av,Bx,IRT,40.831509,-73.867618,1.7139958752727948
214,Staten Island,South Beach/Dongan Hills,507,Dongan Hills,SI,SIR,40.588849,-74.09609,0.9243014172059575
215,Queens,South Jamaica,278,Jamaica Center-Parsons/Archer,Q,IND,40.702147,-73.801109,1.212402652225659
216,Queens,South Ozone Park,195,Ozone Park-Lefferts Blvd,Q,IND,40.685951,-73.825798,1.2127740953301234
217,Brooklyn,South Williamsburg,101,Marcy Av,Bk,BMT,40.708359,-73.957757,0.49841326341846603
218,Queens,Springfield Gardens North,278,Jamaica Center-Parsons/Archer,Q,IND,40.702147,-73.801109,4.09540325420091
219,Queens,Springfield Gardens South,278,Jamaica Center-Parsons/Archer,Q,IND,40.702147,-73.801109,5.409992411472265
220,Bronx,Spuyten Duyvil/Kingsbridge,295,231 St,Bx,IRT,40.878856,-73.904834,0.6298471618483146
221,Staten Island,Stapleton,504,Clifton,SI,SIR,40.621319,-74.071402,0.34374409212419377
222,Brooklyn,Starrett City,137,East 105 St,Bk,BMT,40.650573,-73.899485,1.483060768969881
223,Queens,Steinway,1,Astoria-Ditmars Blvd,Q,BMT,40.775036,-73.912034,0.6192095705762501
224,Manhattan,Stuy Town/Peter Cooper Village,119,1 Av,M,BMT,40.730953,-73.981628,0.4357310493877378
225,Brooklyn,Stuyvesant Heights,96,Kosciuszko St,Bk,BMT,40.693342,-73.928814,0.6305671097123462
226,Queens,Sunnyside,459,40 St-Lowery St,Q,IRT,40.743781,-73.924016,0.6777894857114211
227,Brooklyn,Sunset Park East,34,53 St,Bk,BMT,40.645069,-74.014034,0.8687000587239926
228,Brooklyn,Sunset Park West,33,45 St,Bk,BMT,40.648939,-74.010006,0.39409013333017767
229,Manhattan,Sutton Place/Turtle Bay North,275,Lexington Av/53 St,M,IND,40.757552,-73.969055,0.3425235336415306
230,Manhattan,Times Sq/Theatre District,10,49 St,M,BMT,40.759901,-73.984139,0.0104625240711689
231,Manhattan,TriBeCa/Civic Center,326,Franklin St,M,IRT,40.719318,-74.006886,0.1910474900547247
232,Manhattan,Two Bridges/Seward Park,102,Delancey St-Essex St,M,BMT,40.718315,-73.987437,0.5452180983654636
233,Manhattan,UN/Turtle Bay South,465,Grand Central-42 St,M,IRT,40.751431,-73.976041,0.5019060117274498
234,Manhattan,Union Sq,14,23 St,M,BMT,40.741303,-73.989344,0.14265557603197324
235,Bronx,University Heights/Morris Heights,385,176 St,Bx,IRT,40.84848,-73.911794,0.5707234496613024
236,Manhattan,Upper East Side North,397,86 St,M,IRT,40.779492,-73.955589,0.1594482535810291
237,Manhattan,Upper East Side South,399,68 St-Hunter College,M,IRT,40.768141,-73.96387,0.15802037867619742
238,Manhattan,Upper West Side North,310,96 St,M,IRT,40.793919,-73.972323,0.25339117164874153
239,Manhattan,Upper West Side South,312,79 St,M,IRT,40.783934,-73.979917,0.10851534055931239
240,Bronx,Van Cortlandt Park,378,Woodlawn,Bx,IRT,40.886037,-73.878751,0.9889032142800682
241,Bronx,Van Cortlandt Village,380,Bedford Park Blvd-Lehman College,Bx,IRT,40.873412,-73.890064,0.5812727345005588
242,Bronx,Van Nest/Morris Park,363,Westchester Sq-E Tremont Av,Bx,IRT,40.839892,-73.842952,1.0046979963177411
243,Manhattan,Washington Heights North,145,190 St,M,IND,40.859022,-73.93418,0.24104192069030164
244,Manhattan,Washington Heights South,302,168 St-Washington Hts,M,IRT,40.840556,-73.940133,0.16668401376153424
245,Staten Island,West Brighton,503,Stapleton,SI,SIR,40.627915,-74.075162,2.3553720308105146
246,Manhattan,West Chelsea/Hudson Yards,471,34 St-Hudson Yards,M,IRT,40.755882,-74.00191,0.3365555962307857
247,Bronx,West Concourse,219,161 St-Yankee Stadium,Bx,IND,40.827905,-73.925651,0.15940208489566396
248,Bronx,West Farms/Bronx River,367,St Lawrence Av,Bx,IRT,40.831509,-73.867618,0.4922166586742945
249,Manhattan,West Village,323,Christopher St-Stonewall,M,IRT,40.733422,-74.002906,0.128165086238621
250,Bronx,Westchester Village/Unionport,365,Castle Hill Av,Bx,IRT,40.834255,-73.851222,0.3234114483199243
251,Staten Island,Westerleigh,505,Grasmere,SI,SIR,40.603117,-74.084087,3.811705489984783
252,Queens,Whitestone,447,Flushing-Main St,Q,IRT,40.7596,-73.83003,3.399191396953282
253,Queens,Willets Point,448,Mets-Willets Point,Q,IRT,40.754622,-73.845625,0.7629496853967774
254,Bronx,Williamsbridge/Olinville,420,219 St,Bx,IRT,40.883895,-73.862633,0.36564503541084004
255,Brooklyn,Williamsburg (North Side),120,Bedford Av,Bk,BMT,40.717304,-73.956872,0.172834159588657
256,Brooklyn,Williamsburg (South Side),101,Marcy Av,Bk,BMT,40.708359,-73.957757,0.3336287622971211
257,Brooklyn,Windsor Terrace,242,Fort Hamilton Pkwy,Bk,IND,40.650782,-73.975776,0.36544611062675436
258,Queens,Woodhaven,84,85 St-Forest Pkwy,Q,BMT,40.692435,-73.86001,0.5465602432797343
259,Bronx,Woodlawn/Wakefield,417,Nereid Av,Bx,IRT,40.898379,-73.854376,0.18872645428965382
260,Queens,Woodside,456,61 St-Woodside,Q,IRT,40.74563,-73.902984,0.32065891765512533
261,Manhattan,World Trade Center,329,Rector St,M,IRT,40.707513,-74.013783,0.1916373673999905
262,Manhattan,Yorkville East,476,86 St,M,IND,40.777891,-73.951787,0.4957031276149229
263,Manhattan,Yorkville West,476,86 St,M,IND,40.777891,-73.951787,0.11720705080558992
